id,first_name,last_name,phone_number,email,profile_picture
1,John,Doe,0412 345 678,john.doe@example.com,
2,Jane,Smith,0412 678 901,jane.smith@example.com,
3,Michael,Brown,0412 234 567,michael.brown@example.com,
4,Emily,Davis,0412 987 654,emily.davis@example.com,
5,Sarah,Wilson,0412 345 987,sarah.wilson@example.com,
6,David,Johnson,0412 567 890,david.johnson@example.com,
7,Laura,Martinez,0412 678 234,laura.martinez@example.com,
8,Robert,Lee,0412 789 345,robert.lee@example.com,
9,Michelle,Harris,0412 890 456,michelle.harris@example.com,
10,William,Clark,0412 901 567,william.clark@example.com,
11,Jessica,Lewis,0412 123 456,jessica.lewis@example.com,
12,Brian,Walker,0412 234 678,brian.walker@example.com,
13,Olivia,Hall,0412 345 789,olivia.hall@example.com,
14,James,Allen,0412 456 890,james.allen@example.com,
15,Isabella,Young,0412 567 901,isabella.young@example.com,
16,Daniel,Wright,0412 678 012,daniel.wright@example.com,
17,Ava,Scott,0412 789 123,ava.scott@example.com,
18,Matthew,Adams,0412 890 234,matthew.adams@example.com,
19,Sophie,Nelson,0412 901 345,sophie.nelson@example.com,
20,Andrew,Carter,0412 123 567,andrew.carter@example.com,
21,Chloe,Mitchell,0412 234 678,chloe.mitchell@example.com,
22,Ethan,Roberts,0412 345 789,ethan.roberts@example.com,
23,Mia,Turner,0412 456 890,mia.turner@example.com,
24,Lucas,Phillips,0412 567 901,lucas.phillips@example.com,
25,Emma,Campbell,0412 678 012,emma.campbell@example.com,
26,Alexander,Parker,0412 789 123,alexander.parker@example.com,
27,Lily,Evans,0412 890 234,lily.evans@example.com,
28,Jacob,Edwards,0412 901 345,jacob.edwards@example.com,
29,Charlotte,Collins,0412 123 456,charlotte.collins@example.com,
30,Ryan,Stewart,0412 234 567,ryan.stewart@example.com,
31,Amelia,Morris,0412 345 678,amelia.morris@example.com,
32,Aiden,Rogers,0412 456 789,aiden.rogers@example.com,
33,Grace,Reed,0412 567 890,grace.reed@example.com,
34,Noah,Cook,0412 678 901,noah.cook@example.com,
35,Mia,Bell,0412 789 012,mia.bell@example.com,
36,Jack,Murphy,0412 890 123,jack.murphy@example.com,
37,Ella,Bailey,0412 901 234,ella.bailey@example.com,
38,Lucas,Rivera,0412 123 345,lucas.rivera@example.com,
39,Harper,Cooper,0412 234 456,harper.cooper@example.com,
40,Benjamin,Richardson,0412 345 567,benjamin.richardson@example.com,
41,Lily,Wood,0412 456 678,lily.wood@example.com,
42,Mason,Cox,0412 567 789,mason.cox@example.com,
43,Aria,Ward,0412 678 890,aria.ward@example.com,
44,James,Foster,0412 789 901,james.foster@example.com,
45,Zoe,James,0412 890 012,zoe.james@example.com,
46,Elijah,Bennett,0412 901 123,elijah.bennett@example.com,
47,Scarlett,Gray,0412 123 234,scarlett.gray@example.com,
48,Matthew,Simmons,0412 234 345,matthew.simmons@example.com,
49,Evelyn,Hayes,0412 345 456,evelyn.hayes@example.com,
50,Jack,Brooks,0412 456 567,jack.brooks@example.com,
